<?xml version="1.0" encoding="UTF-8" standalone="no"?>
<!--Generated by IBM Migration Application Bundler 0.0.29-SNAPSHOT
Tue May 13 14:36:00 UTC 2025--><server description="Configuration generated by binaryAppScanner">
    <featureManager>
        <!--Generated by IBM Migration Artifact Bundler 0.0.29-SNAPSHOT to support metric integration.-->
        <feature>mpMetrics-1.1</feature>
        <!--End features generated by IBM Migration Artifact Bundler-->
        <!--The following features are available in all editions of Liberty.-->
        <feature>appSecurity-2.0</feature>
        <feature>cdi-1.2</feature>
        <feature>ejbLite-3.2</feature>
        <feature>jdbc-4.1</feature>
        <feature>jndi-1.0</feature>
        <feature>jsp-2.3</feature>
        <feature>localConnector-1.0</feature>
        <feature>servlet-3.1</feature>
    </featureManager>
    <!-- This configuration was migrated on 5/13/25 at 6:58:41 AM from the following location: /opt/IBM/WebSphere/AppServer/profiles/AppSrv01 -->
    <!-- The binary scanner does not support the migration of all WebSphere traditional configuration elements. Check the binary scanner documentation for the list of supported configuration elements. -->
    <applicationManager autoExpand="true"/>
    <httpEndpoint host="${httpEndpoint_host}" httpPort="${httpEndpoint_port}" httpsPort="${httpEndpoint_secure_port}" id="defaultHttpEndpoint"/>
    <iiopEndpoint host="${BOOTSTRAP_ADDRESS_host}" id="defaultIiopEndpoint" iiopPort="${BOOTSTRAP_ADDRESS_port}">
        <iiopsOptions iiopsPort="${CSIV2_SSL_SERVERAUTH_LISTENER_ADDRESS}" sslRef="defaultSSLConfig"/>
    </iiopEndpoint>
    <webApplication contextRoot="/resorts" id="ModResorts.ear" location="modresorts-2.0.0.war"/>
    <transaction propogatedOrBMTTranLifetimeTimeout="300"/>
    <!--<keyStore id="NodeDefaultKeyStore_demo-data-vm1Node01Cell_KeyStore_demo-data-vm1Node01_1" location="${NodeDefaultKeyStore_demo_data_vm1Node01Cell_KeyStore_demo_data_vm1Node01_1_location}" password="${NodeDefaultKeyStore_demo_data_vm1Node01Cell_KeyStore_demo_data_vm1Node01_1_password}"/>
-->
    <!--<keyStore id="NodeDefaultTrustStore_demo-data-vm1Node01Cell_KeyStore_demo-data-vm1Node01_2" location="${NodeDefaultTrustStore_demo_data_vm1Node01Cell_KeyStore_demo_data_vm1Node01_2_location}" password="${NodeDefaultTrustStore_demo_data_vm1Node01Cell_KeyStore_demo_data_vm1Node01_2_password}"/>
-->
    <!--<ssl id="NodeDefaultSSLSettings_demo-data-vm1Node01Cell_SSLConfig_demo-data-vm1Node01_1" keyStoreRef="NodeDefaultKeyStore_demo-data-vm1Node01Cell_KeyStore_demo-data-vm1Node01_1" sslProtocol="${NodeDefaultSSLSettings_demo_data_vm1Node01Cell_SSLConfig_demo_data_vm1Node01_1_sslProtocol}" trustStoreRef="NodeDefaultTrustStore_demo-data-vm1Node01Cell_KeyStore_demo-data-vm1Node01_2"/>
-->
    <!--<sslDefault sslRef="NodeDefaultSSLSettings_demo-data-vm1Node01Cell_SSLConfig_demo-data-vm1Node01_1"/>
-->
    <include location="demo-data-vm1Node01Cell_mime-types.xml" onConflict="MERGE" optional="true"/>
    <!-- The following variables, which often differ between environments, have been extracted from the migrated configuration to allow for easy substitution. -->
    <variable defaultValue="demo-data-vm1.fyre.ibm.com" name="BOOTSTRAP_ADDRESS_host"/>
    <variable defaultValue="2809" name="BOOTSTRAP_ADDRESS_port"/>
    <variable defaultValue="9403" name="CSIV2_SSL_SERVERAUTH_LISTENER_ADDRESS"/>
    <variable defaultValue="*" name="httpEndpoint_host"/>
    <variable defaultValue="9080" name="httpEndpoint_port"/>
    <variable defaultValue="9443" name="httpEndpoint_secure_port"/>
    <!--<variable defaultValue="ModResorts_ear_demo-data-vm1Node01_NodeDefaultKeyStore_key.p12" name="NodeDefaultKeyStore_demo_data_vm1Node01Cell_KeyStore_demo_data_vm1Node01_1_location"/>
-->
    <variable defaultValue="TLSv1, TLSv1.1, TLSv1.2" name="NodeDefaultSSLSettings_demo_data_vm1Node01Cell_SSLConfig_demo_data_vm1Node01_1_sslProtocol"/>
    <!--<variable defaultValue="ModResorts_ear_demo-data-vm1Node01_NodeDefaultTrustStore_trust.p12" name="NodeDefaultTrustStore_demo_data_vm1Node01Cell_KeyStore_demo_data_vm1Node01_2_location"/>
-->
    <!-- The following variables are used to replace sensitive data in the server.xml file for the application.
         The values for these variables were not collected because the includeSensitiveData option was not specified.
    -->
    <!--<variable defaultValue="" name="NodeDefaultKeyStore_demo_data_vm1Node01Cell_KeyStore_demo_data_vm1Node01_1_password"/>
-->
    <!--<variable defaultValue="" name="NodeDefaultTrustStore_demo_data_vm1Node01Cell_KeyStore_demo_data_vm1Node01_2_password"/>
-->
</server>
