<?xml version="1.0" encoding="UTF-8" standalone="no"?>
<!--Generated by IBM Migration Application Bundler 0.0.1
Wed Nov 26 17:14:29 GMT 2025--><server description="Feature list generated by binaryAppScanner">
    <featureManager>
        <!--Generated by IBM Migration Artifact Bundler 0.0.1 to support metric integration.-->
        <feature>mpMetrics-1.1</feature>
        <!--End features generated by IBM Migration Artifact Bundler-->
        <!--The following features are available in all editions of Liberty.-->
        <feature>appSecurity-2.0</feature>
        <feature>cdi-1.2</feature>
        <feature>ejbLite-3.2</feature>
        <feature>jdbc-4.1</feature>
        <feature>jndi-1.0</feature>
        <feature>jsp-2.3</feature>
        <feature>localConnector-1.0</feature>
        <feature>servlet-3.1</feature>
    </featureManager>
    <application id="modresorts-2.0.0.war" location="modresorts-2.0.0.war" name="modresorts-2.0.0.war" type="war"/>
    <applicationManager autoExpand="true"/>
</server>
