{
   "report": "technology",
   "version": "2.3",
   "productVersion": "25.0.0.4",
   "productRelease": "25.0.0.4",
   "buildID": "v20251103_2334",
   "options": [
      "--baseEdition",
      "--coreEdition",
      "--includeHelpLocation",
      "--liberty",
      "--ndEdition",
      "--traditional",
      "--zosEdition",
      "--excludePackages=ch.qos,com.cloudant,com.cognos,com.fasterxml,com.filenet,com.ibatis,com.ibm,com.informix,com.lowagie,com.mchange,com.meterware,com.microsoft,com.mongodb,com.mysql,com.sun,com.sybase,filenet,freemarker,groovy,jakarta,java,javax,net,oracle,org,sqlj,sun,twitter4j,_ibmjsp"
   ],
   "applications": [
      {
         "application": "/Users/kieran/IdeaProjects/sample-app-mod/target/modresorts-2.0.0.war",
         "summary": {
            "openLiberty": true,
            "libertyCore": true,
            "liberty": true,
            "websphereTraditional": true,
            "ndLiberty": true,
            "ndTraditional": true,
            "zosLiberty": true,
            "zosTraditional": true
         },
         "technologies": [
            {
               "technology": "Java Servlet",
               "openLiberty": true,
               "libertyCore": true,
               "liberty": true,
               "websphereTraditional": true,
               "ndLiberty": true,
               "ndTraditional": true,
               "zosLiberty": true,
               "zosTraditional": true
            },
            {
               "technology": "JavaServer Pages / Expression Language (JSP/EL)",
               "openLiberty": true,
               "libertyCore": true,
               "liberty": true,
               "websphereTraditional": true,
               "ndLiberty": true,
               "ndTraditional": true,
               "zosLiberty": true,
               "zosTraditional": true
            },
            {
               "technology": "Dependency Injection for Java",
               "openLiberty": true,
               "libertyCore": true,
               "liberty": true,
               "websphereTraditional": true,
               "ndLiberty": true,
               "ndTraditional": true,
               "zosLiberty": true,
               "zosTraditional": true
            },
            {
               "technology": "Enterprise JavaBeans (EJB) Lite subset",
               "openLiberty": true,
               "libertyCore": true,
               "liberty": true,
               "websphereTraditional": true,
               "ndLiberty": true,
               "ndTraditional": true,
               "zosLiberty": true,
               "zosTraditional": true
            },
            {
               "technology": "Java Database Connectivity (JDBC)",
               "openLiberty": true,
               "libertyCore": true,
               "liberty": true,
               "websphereTraditional": true,
               "ndLiberty": true,
               "ndTraditional": true,
               "zosLiberty": true,
               "zosTraditional": true
            },
            {
               "technology": "Java Management Extensions (JMX)",
               "openLiberty": true,
               "libertyCore": true,
               "liberty": true,
               "websphereTraditional": true,
               "ndLiberty": true,
               "ndTraditional": true,
               "zosLiberty": true,
               "zosTraditional": true
            }
         ],
         "incompleteReportErrors": [
         ],
         "footnotes": [
         ]
      }
   ],
   "overallSummary": {
      "openLiberty": true,
      "libertyCore": true,
      "liberty": true,
      "websphereTraditional": true,
      "ndLiberty": true,
      "ndTraditional": true,
      "zosLiberty": true,
      "zosTraditional": true
   }
}