{"_id":"868e039a-82b2-444c-b386-12d10361d316_AppSrv01_62b7e186-2f74-4ff8-a237-102a5ceb039e_ModResorts.ear_json","_rev":"1-eea5652207c03d439aa8f564744b81fc","report":"inventory","version":"4.0","productVersion":"24.0.0.2","productRelease":"24.0.0.2","buildID":"v20240522_2336","options":["--includeHelpLocation","--maxUserDefinedRuleResults\u003d100","--userRuleLocation\u003d/root/datacollector/transformationadvisor-3.10.0/bin/../conf/userDefinedRules","--excludePackages\u003dch.qos,com.cloudant,com.cognos,com.fasterxml,com.filenet,com.ibatis,com.ibm,com.informix,com.lowagie,com.mchange,com.meterware,com.microsoft,com.mongodb,com.mysql,com.sun,com.sybase,filenet,freemarker,groovy,jakarta,java,javax,net,oracle,org,sqlj,sun,twitter4j,_ibmjsp"],"applications":["/opt/IBM/WebSphere/AppServer/profiles/AppSrv01/config/cells/demo-data-vm1Node01Cell/applications/ModResorts.ear/ModResorts.ear"],"sharedLibraries":[],"archives":{"ears":1,"wars":1,"rars":0,"ejbs":0,"webFragments":0,"utilityJars":1,"appClients":0},"summary":{"servlets":5,"jsps":1,"jpaEntities":0,"bmpEntityBeans":0,"cmpEntityBeans":0,"messageDrivenBeans":0,"singletonSessionBeans":1,"statefulSessionBeans":0,"statelessSessionBeans":0,"jaxrpcConsumers":0,"jaxrpcProviders":0,"jaxrsConsumers":0,"jaxrsProviders":0,"jaxwsConsumers":0,"jaxwsProviders":0,"springBeans":0},"archiveInventory":[{"archiveName":"/opt/IBM/WebSphere/AppServer/profiles/AppSrv01/config/cells/demo-data-vm1Node01Cell/applications/ModResorts.ear/ModResorts.ear","moduleType":"Enterprise archive","moduleVersion":"7","moduleSize":7320301,"checksum":"d14a48a4c560662218f088528cefe8b91d16ac19d33da0a802511a4fa905abe3","archives":{"wars":1,"rars":0,"ejbs":0,"utilityJars":1,"appClients":0},"summary":{"servlets":5,"jsps":1,"jpaEntities":0,"bmpEntityBeans":0,"cmpEntityBeans":0,"messageDrivenBeans":0,"singletonSessionBeans":1,"statefulSessionBeans":0,"statelessSessionBeans":0,"jaxrpcConsumers":0,"jaxrpcProviders":0,"jaxrsConsumers":0,"jaxrsProviders":0,"jaxwsConsumers":0,"jaxwsProviders":0,"springBeans":0},"potentialDeploymentProblemsSummary":{"archivesContainingDuplicateClasses":0,"archivesContainingJavaEEorSEClasses":0,"archivesContainingConflictingOpenSourceSoftwareClasses":0,"archivesContainingWebSphereClasses":0,"archivesNotReferencedInTheApplication":0,"archivesWithMissingDependenciesInTheApplication":0,"classesWithSystemLevelJVMConfiguration":0,"sharedLibrariesReferencingApplicationClasses":0},"potentialDeploymentProblemsDetails":[{"duplicateClassesWithinClassLoader":[]},{"duplicateClassesAcrossApplication":[]},{"javaEEandSEClasses":[]},{"duplicateWebSphereClasses":[]},{"openSourceSoftwareClasses":[]},{"archivesNotReferenced":[]},{"missingDependencies":[]},{"classesWithSystemLevelJVMConfiguration":[]},{"sharedLibraryDependencies":[]}],"performanceConsiderations":{"archivesThatAreCandidatesForMetadataCompleteTrueAttribute":[],"webModulesWithExcessiveClassFiles":[],"webModulesWithExcessiveStaticResources":[]},"operationalConsiderations":{"deploymentTargets":{"clusters":[],"nonClusteredServers":[{"name":"server1","node":"demo-data-vm1Node01","type":"APPLICATION_SERVER"}]}},"containedArchiveInventory":[{"archiveName":"/opt/IBM/WebSphere/AppServer/profiles/AppSrv01/config/cells/demo-data-vm1Node01Cell/applications/ModResorts.ear/ModResorts.ear/modresorts-2.0.0.war","moduleType":"Web module","moduleVersion":"3.1","metadataComplete":"Unspecified","checksum":"d14a48a4c560662218f088528cefe8b91d16ac19d33da0a802511a4fa905abe3","archives":{"ejbs":0,"webFragments":0,"utilityJars":1},"summary":{"servlets":5,"jsps":1,"jpaEntities":0,"bmpEntityBeans":0,"cmpEntityBeans":0,"messageDrivenBeans":0,"singletonSessionBeans":1,"statefulSessionBeans":0,"statelessSessionBeans":0,"jaxrpcConsumers":0,"jaxrpcProviders":0,"jaxrsConsumers":0,"jaxrsProviders":0,"jaxwsConsumers":0,"jaxwsProviders":0,"springBeans":0},"containedArchiveInventory":[{"archiveName":"/opt/IBM/WebSphere/AppServer/profiles/AppSrv01/config/cells/demo-data-vm1Node01Cell/applications/ModResorts.ear/ModResorts.ear/modresorts-2.0.0.war/WEB-INF/lib/gson-2.10.1.jar","moduleType":"Utility JAR","checksum":"c83fc2cde3dedb7467effae849b0ae45497de58f53b8b2e932cc88512646e8c5","containedPackages":["com.google.gson"]}]}]}],"sharedLibraryDetails":[],"name":"ModResorts.ear.inventory","type":"json","tenantId":"62b7e186-2f74-4ff8-a237-102a5ceb039e","taskname":"868e039a-82b2-444c-b386-12d10361d316","created":1719481358627,"profileName":"AppSrv01","applicationName":"ModResorts.ear","id":"868e039a-82b2-444c-b386-12d10361d316_AppSrv01_62b7e186-2f74-4ff8-a237-102a5ceb039e_ModResorts.ear_json"}