{"_id":"e65351a1-bbec-48a6-9a95-72e5e30b4ff1_AppSrv01_1748108571630557_ff16ab28-cf03-4096-b8ad-2ab4a515c5ac_ModResorts.ear_json","_rev":"1-20fc96cefb6ad2c60083edb9680c09d6","summary":{"servlets":5,"jsps":1,"jpaEntities":0,"bmpEntityBeans":0,"cmpEntityBeans":0,"messageDrivenBeans":0,"singletonSessionBeans":1,"statefulSessionBeans":0,"statelessSessionBeans":0,"jaxrpcConsumers":0,"jaxrpcProviders":0,"jaxrsConsumers":0,"jaxrsProviders":0,"jaxwsConsumers":0,"jaxwsProviders":0,"springBeans":0},"profileName":"AppSrv01_1748108571630557","archives":{"ears":1,"wars":1,"rars":0,"ejbs":0,"webFragments":0,"utilityJars":2,"appClients":0},"created":1747147397560,"archiveInventory":[{"archiveName":"/opt/IBM/WebSphere/AppServer/profiles/AppSrv01/config/cells/demo-data-vm1Node01Cell/applications/ModResorts.ear/ModResorts.ear","moduleType":"Enterprise archive","moduleVersion":"7","moduleSize":7323030,"checksum":"4d6ba0370aeb9db28295df6c53e6390cca5b103578fc4d379d2c864862cdb733","archives":{"wars":1,"rars":0,"ejbs":0,"utilityJars":2,"appClients":0},"summary":{"servlets":5,"jsps":1,"jpaEntities":0,"bmpEntityBeans":0,"cmpEntityBeans":0,"messageDrivenBeans":0,"singletonSessionBeans":1,"statefulSessionBeans":0,"statelessSessionBeans":0,"jaxrpcConsumers":0,"jaxrpcProviders":0,"jaxrsConsumers":0,"jaxrsProviders":0,"jaxwsConsumers":0,"jaxwsProviders":0,"springBeans":0},"potentialDeploymentProblemsSummary":{"archivesContainingDuplicateClasses":0,"archivesContainingJavaEEorSEClasses":0,"archivesContainingConflictingOpenSourceSoftwareClasses":0,"archivesContainingWebSphereClasses":0,"archivesNotReferencedInTheApplication":0,"archivesWithMissingDependenciesInTheApplication":1,"classesWithSystemLevelJVMConfiguration":0,"sharedLibrariesReferencingApplicationClasses":0},"potentialDeploymentProblemsDetails":[{"duplicateClassesWithinClassLoader":[]},{"duplicateClassesAcrossApplication":[]},{"javaEEandSEClasses":[]},{"duplicateWebSphereClasses":[]},{"openSourceSoftwareClasses":[]},{"archivesNotReferenced":[]},{"missingDependencies":[{"missingDependencies":["sun.misc"],"archive":["modresorts-2.0.0.war"]}]},{"classesWithSystemLevelJVMConfiguration":[]},{"sharedLibraryDependencies":[]}],"performanceConsiderations":{"archivesThatAreCandidatesForMetadataCompleteTrueAttribute":[],"webModulesWithExcessiveClassFiles":[],"webModulesWithExcessiveStaticResources":[]},"operationalConsiderations":{"deploymentTargets":{"clusters":[],"nonClusteredServers":[{"name":"server1","node":"demo-data-vm1Node01","type":"APPLICATION_SERVER"}]}},"containedArchiveInventory":[{"archiveName":"/opt/IBM/WebSphere/AppServer/profiles/AppSrv01/config/cells/demo-data-vm1Node01Cell/applications/ModResorts.ear/ModResorts.ear/modresorts-2.0.0.war","moduleType":"Web module","moduleVersion":"3.1","metadataComplete":"Unspecified","checksum":"4d6ba0370aeb9db28295df6c53e6390cca5b103578fc4d379d2c864862cdb733","archives":{"ejbs":0,"webFragments":0,"utilityJars":2},"summary":{"servlets":5,"jsps":1,"jpaEntities":0,"bmpEntityBeans":0,"cmpEntityBeans":0,"messageDrivenBeans":0,"singletonSessionBeans":1,"statefulSessionBeans":0,"statelessSessionBeans":0,"jaxrpcConsumers":0,"jaxrpcProviders":0,"jaxrsConsumers":0,"jaxrsProviders":0,"jaxwsConsumers":0,"jaxwsProviders":0,"springBeans":0},"containedArchiveInventory":[{"archiveName":"/opt/IBM/WebSphere/AppServer/profiles/AppSrv01/config/cells/demo-data-vm1Node01Cell/applications/ModResorts.ear/ModResorts.ear/modresorts-2.0.0.war/WEB-INF/lib/env-config-1.5.jar","moduleType":"Utility JAR","checksum":"a1491aa479813593b889ccadd453123d7e41a1f188acbe1628efcd6555b1b558","containedPackages":["com.acme.common"]},{"archiveName":"/opt/IBM/WebSphere/AppServer/profiles/AppSrv01/config/cells/demo-data-vm1Node01Cell/applications/ModResorts.ear/ModResorts.ear/modresorts-2.0.0.war/WEB-INF/lib/gson-2.10.1.jar","moduleType":"Utility JAR","checksum":"c83fc2cde3dedb7467effae849b0ae45497de58f53b8b2e932cc88512646e8c5","containedPackages":["com.google.gson"]}]}]}],"taskname":"e65351a1-bbec-48a6-9a95-72e5e30b4ff1","buildID":"v20250225_2333","type":"json","version":"4.0","sharedLibraries":[],"productVersion":"25.0.0.1","report":"inventory","options":["--includeHelpLocation","--maxUserDefinedRuleResults\u003d100","--userRuleLocation\u003d/root/datacollector/transformationadvisor-4.1.0/bin/../conf/userDefinedRules","--excludePackages\u003dch.qos,com.cloudant,com.cognos,com.fasterxml,com.filenet,com.ibatis,com.ibm,com.informix,com.lowagie,com.mchange,com.meterware,com.microsoft,com.mongodb,com.mysql,com.sun,com.sybase,filenet,freemarker,groovy,jakarta,java,javax,net,oracle,org,sqlj,sun,twitter4j,_ibmjsp"],"sharedLibraryDetails":[],"name":"ModResorts.ear.inventory","tenantId":"ff16ab28-cf03-4096-b8ad-2ab4a515c5ac","id":"e65351a1-bbec-48a6-9a95-72e5e30b4ff1_AppSrv01_1748108571630557_ff16ab28-cf03-4096-b8ad-2ab4a515c5ac_ModResorts.ear_json","applicationName":"ModResorts.ear","productRelease":"25.0.0.1","applications":["/opt/IBM/WebSphere/AppServer/profiles/AppSrv01/config/cells/demo-data-vm1Node01Cell/applications/ModResorts.ear/ModResorts.ear"]}