{
   "report": "inventory",
   "version": "4.0",
   "productVersion": "25.0.0.4",
   "productRelease": "25.0.0.4",
   "buildID": "v20251103_2334",
   "options": [
      "--includeHelpLocation",
      "--excludePackages=ch.qos,com.cloudant,com.cognos,com.fasterxml,com.filenet,com.ibatis,com.ibm,com.informix,com.lowagie,com.mchange,com.meterware,com.microsoft,com.mongodb,com.mysql,com.sun,com.sybase,filenet,freemarker,groovy,jakarta,java,javax,net,oracle,org,sqlj,sun,twitter4j,_ibmjsp"
   ],
   "applications": [
      "/Users/kieran/IdeaProjects/sample-app-mod/target/modresorts-2.0.0.war"
   ],
   "sharedLibraries": [
   ],
   "archives": {
      "ears": 0,
      "wars": 1,
      "rars": 0,
      "ejbs": 0,
      "webFragments": 0,
      "utilityJars": 1,
      "appClients": 0
   },
   "summary": {
      "servlets": 5,
      "jsps": 1,
      "jpaEntities": 0,
      "bmpEntityBeans": 0,
      "cmpEntityBeans": 0,
      "messageDrivenBeans": 0,
      "singletonSessionBeans": 1,
      "statefulSessionBeans": 0,
      "statelessSessionBeans": 0,
      "jaxrpcConsumers": 0,
      "jaxrpcProviders": 0,
      "jaxrsConsumers": 0,
      "jaxrsProviders": 0,
      "jaxwsConsumers": 0,
      "jaxwsProviders": 0,
      "springBeans": 0
   },
   "archiveInventory": [
      {
         "archiveName": "/Users/kieran/IdeaProjects/sample-app-mod/target/modresorts-2.0.0.war",
         "moduleType": "Web module",
         "moduleVersion": "3.1",
         "metadataComplete": "Unspecified",
         "moduleSize": 7321838,
         "checksum": "76ea14103feadc748bb23b35eb88ca2289bc7ecff284dee36feb1b44f511aac0",
         "archives": {
            "ejbs": 0,
            "webFragments": 0,
            "utilityJars": 1
         },
         "summary": {
            "servlets": 5,
            "jsps": 1,
            "jpaEntities": 0,
            "bmpEntityBeans": 0,
            "cmpEntityBeans": 0,
            "messageDrivenBeans": 0,
            "singletonSessionBeans": 1,
            "statefulSessionBeans": 0,
            "statelessSessionBeans": 0,
            "jaxrpcConsumers": 0,
            "jaxrpcProviders": 0,
            "jaxrsConsumers": 0,
            "jaxrsProviders": 0,
            "jaxwsConsumers": 0,
            "jaxwsProviders": 0,
            "springBeans": 0
         },
         "potentialDeploymentProblemsSummary": {
            "archivesContainingDuplicateClasses": 0,
            "archivesContainingJavaEEorSEClasses": 0,
            "archivesContainingConflictingOpenSourceSoftwareClasses": 0,
            "archivesContainingWebSphereClasses": 0,
            "archivesNotReferencedInTheApplication": 0,
            "archivesWithMissingDependenciesInTheApplication": 1,
            "classesWithSystemLevelJVMConfiguration": 0,
            "sharedLibrariesReferencingApplicationClasses": 0
         },
         "potentialDeploymentProblemsDetails": [
            {
               "duplicateClassesWithinClassLoader": [
               ]
            },
            {
               "duplicateClassesAcrossApplication": [
               ]
            },
            {
               "javaEEandSEClasses": [
               ]
            },
            {
               "duplicateWebSphereClasses": [
               ]
            },
            {
               "openSourceSoftwareClasses": [
               ]
            },
            {
               "archivesNotReferenced": [
               ]
            },
            {
               "missingDependencies": [
                  {
                     "missingDependencies": [
                        "sun.misc"
                     ],
                     "archive": [
                        "modresorts-2.0.0.war"
                     ]
                  }
               ]
            },
            {
               "classesWithSystemLevelJVMConfiguration": [
               ]
            },
            {
               "sharedLibraryDependencies": [
               ]
            }
         ],
         "performanceConsiderations": {
            "archivesThatAreCandidatesForMetadataCompleteTrueAttribute": [
            ],
            "webModulesWithExcessiveClassFiles": [
            ],
            "webModulesWithExcessiveStaticResources": [
            ]
         },
         "containedArchiveInventory": [
            {
               "archiveName": "/Users/kieran/IdeaProjects/sample-app-mod/target/modresorts-2.0.0.war/WEB-INF/lib/gson-2.10.1.jar",
               "moduleType": "Utility JAR",
               "checksum": "c83fc2cde3dedb7467effae849b0ae45497de58f53b8b2e932cc88512646e8c5",
               "containedPackages": [
                  "com.google.gson"
               ]
            }
         ]
      }
   ],
   "sharedLibraryDetails": [
   ]
}