{"_id":"8a1c8867-4959-4ff4-a6a1-11ad47c0d030_AppSrv01_17207004579955387_41d660e5-5401-482e-a9fa-57ffb0820df8_ModResorts.ear_json","_rev":"1-6c8967b9513bde3fc64f5bc8d486d84c","report":"technology","version":"2.3","productVersion":"24.0.0.3","productRelease":"24.0.0.3","buildID":"v20241117_2333","options":["--baseEdition","--coreEdition","--includeHelpLocation","--liberty","--ndEdition","--traditional","--zosEdition","--excludePackages\u003dch.qos,com.cloudant,com.cognos,com.fasterxml,com.filenet,com.ibatis,com.ibm,com.informix,com.lowagie,com.mchange,com.meterware,com.microsoft,com.mongodb,com.mysql,com.sun,com.sybase,filenet,freemarker,groovy,jakarta,java,javax,net,oracle,org,sqlj,sun,twitter4j,_ibmjsp"],"applications":[{"application":"/opt/IBM/WebSphere/AppServer/profiles/AppSrv01/config/cells/demo-data-vm1Node01Cell/applications/ModResorts.ear/ModResorts.ear","summary":{"openLiberty":true,"libertyCore":true,"liberty":true,"websphereTraditional":true,"ndLiberty":true,"ndTraditional":true,"zosLiberty":true,"zosTraditional":true},"technologies":[{"technology":"Java Servlet","openLiberty":true,"libertyCore":true,"liberty":true,"websphereTraditional":true,"ndLiberty":true,"ndTraditional":true,"zosLiberty":true,"zosTraditional":true},{"technology":"JavaServer Pages / Expression Language (JSP/EL)","openLiberty":true,"libertyCore":true,"liberty":true,"websphereTraditional":true,"ndLiberty":true,"ndTraditional":true,"zosLiberty":true,"zosTraditional":true},{"technology":"Dependency Injection for Java","openLiberty":true,"libertyCore":true,"liberty":true,"websphereTraditional":true,"ndLiberty":true,"ndTraditional":true,"zosLiberty":true,"zosTraditional":true},{"technology":"Enterprise JavaBeans (EJB) Lite subset","openLiberty":true,"libertyCore":true,"liberty":true,"websphereTraditional":true,"ndLiberty":true,"ndTraditional":true,"zosLiberty":true,"zosTraditional":true},{"technology":"Java Database Connectivity (JDBC)","openLiberty":true,"libertyCore":true,"liberty":true,"websphereTraditional":true,"ndLiberty":true,"ndTraditional":true,"zosLiberty":true,"zosTraditional":true},{"technology":"Java Management Extensions (JMX)","openLiberty":true,"libertyCore":true,"liberty":true,"websphereTraditional":true,"ndLiberty":true,"ndTraditional":true,"zosLiberty":true,"zosTraditional":true}],"incompleteReportErrors":[],"footnotes":[]}],"overallSummary":{"openLiberty":true,"libertyCore":true,"liberty":true,"websphereTraditional":true,"ndLiberty":true,"ndTraditional":true,"zosLiberty":true,"zosTraditional":true},"name":"ModResorts.ear.eval","type":"json","tenantId":"41d660e5-5401-482e-a9fa-57ffb0820df8","taskname":"8a1c8867-4959-4ff4-a6a1-11ad47c0d030","created":1738153652800,"profileName":"AppSrv01_17207004579955387","applicationName":"ModResorts.ear","id":"8a1c8867-4959-4ff4-a6a1-11ad47c0d030_AppSrv01_17207004579955387_41d660e5-5401-482e-a9fa-57ffb0820df8_ModResorts.ear_json"}