{"_id":"e2666924-fbe8-4598-ad72-a9e9eb8809d2_AppSrv01_23075695443368014_745dd961-7af8-4f58-9e32-dfee4f290af2_ModResorts.ear_json","_rev":"1-18c54e03d9ba623365e5743edda175f1","profileName":"AppSrv01_23075695443368014","created":1744021916880,"taskname":"e2666924-fbe8-4598-ad72-a9e9eb8809d2","buildID":"v20250225_2333","type":"json","version":"2.3","productVersion":"25.0.0.1","overallSummary":{"openLiberty":true,"libertyCore":true,"liberty":true,"websphereTraditional":true,"ndLiberty":true,"ndTraditional":true,"zosLiberty":true,"zosTraditional":true},"report":"technology","options":["--baseEdition","--coreEdition","--includeHelpLocation","--liberty","--ndEdition","--traditional","--zosEdition","--excludePackages\u003dch.qos,com.cloudant,com.cognos,com.fasterxml,com.filenet,com.ibatis,com.ibm,com.informix,com.lowagie,com.mchange,com.meterware,com.microsoft,com.mongodb,com.mysql,com.sun,com.sybase,filenet,freemarker,groovy,jakarta,java,javax,net,oracle,org,sqlj,sun,twitter4j,_ibmjsp"],"name":"ModResorts.ear.eval","tenantId":"745dd961-7af8-4f58-9e32-dfee4f290af2","id":"e2666924-fbe8-4598-ad72-a9e9eb8809d2_AppSrv01_23075695443368014_745dd961-7af8-4f58-9e32-dfee4f290af2_ModResorts.ear_json","applicationName":"ModResorts.ear","productRelease":"25.0.0.1","applications":[{"application":"/opt/IBM/WebSphere/AppServer/profiles/AppSrv01/config/cells/demo-data-vm1Node01Cell/applications/ModResorts.ear/ModResorts.ear","summary":{"openLiberty":true,"libertyCore":true,"liberty":true,"websphereTraditional":true,"ndLiberty":true,"ndTraditional":true,"zosLiberty":true,"zosTraditional":true},"technologies":[{"technology":"Java Servlet","openLiberty":true,"libertyCore":true,"liberty":true,"websphereTraditional":true,"ndLiberty":true,"ndTraditional":true,"zosLiberty":true,"zosTraditional":true},{"technology":"JavaServer Pages / Expression Language (JSP/EL)","openLiberty":true,"libertyCore":true,"liberty":true,"websphereTraditional":true,"ndLiberty":true,"ndTraditional":true,"zosLiberty":true,"zosTraditional":true},{"technology":"Dependency Injection for Java","openLiberty":true,"libertyCore":true,"liberty":true,"websphereTraditional":true,"ndLiberty":true,"ndTraditional":true,"zosLiberty":true,"zosTraditional":true},{"technology":"Enterprise JavaBeans (EJB) Lite subset","openLiberty":true,"libertyCore":true,"liberty":true,"websphereTraditional":true,"ndLiberty":true,"ndTraditional":true,"zosLiberty":true,"zosTraditional":true},{"technology":"Java Database Connectivity (JDBC)","openLiberty":true,"libertyCore":true,"liberty":true,"websphereTraditional":true,"ndLiberty":true,"ndTraditional":true,"zosLiberty":true,"zosTraditional":true},{"technology":"Java Management Extensions (JMX)","openLiberty":true,"libertyCore":true,"liberty":true,"websphereTraditional":true,"ndLiberty":true,"ndTraditional":true,"zosLiberty":true,"zosTraditional":true}],"incompleteReportErrors":[],"footnotes":[]}]}